Date,Open
2014-09-17,17849.580078125
2014-09-18,17583.3984375
2014-09-19,16291.9169921875
2014-09-20,15166.296875
2014-09-21,15681.685546875
2014-09-22,15336.4150390625
2014-09-23,15544.876953125
2014-09-24,16814.541015625
2014-09-25,16164.5595703125
2014-09-26,15840.015625
2014-09-27,15794.1728515625
2014-09-28,15634.296875
2014-09-29,14752.01953125
2014-09-30,14841.1474609375
2014-10-01,15328.39453125
2014-10-02,15229.923828125
2014-10-03,14850.1513671875
2014-10-04,14387.04296875
2014-10-05,13148.7451171875
2014-10-06,12807.87109375
2014-10-07,13129.8056640625
2014-10-08,13424.47265625
2014-10-09,14108.1552734375
2014-10-10,14635.2548828125
2014-10-11,14582.763671875
2014-10-12,14632.96484375
2014-10-13,15251.001953125
2014-10-14,15842.765625
2014-10-15,16406.556640625
2014-10-16,15936.2001953125
2014-10-17,15644.1953125
2014-10-18,15642.798828125
2014-10-19,15939.296875
2014-10-20,15856.880859375
2014-10-21,15695.513671875
2014-10-22,15799.94921875
2014-10-23,15832.6064453125
2014-10-24,14936.2119140625
2014-10-25,15028.490234375
2014-10-26,14562.3115234375
2014-10-27,14867.8173828125
2014-10-28,14930.3974609375
2014-10-29,15160.212890625
2014-10-30,14492.55859375
2014-10-31,14342.7138671875
2014-11-01,14564.4892578125
2014-11-02,14023.6708984375
2014-11-03,14001.9091796875
2014-11-04,14262.583984375
2014-11-05,14412.8193359375
2014-11-06,15237.251953125
2014-11-07,16383.7255859375
2014-11-08,15968.6689453125
2014-11-09,16119.0439453125
2014-11-10,16907.26953125
2014-11-11,16778.568359375
2014-11-12,17063.462890625
2014-11-13,18671.830078125
2014-11-14,19537.982421875
2014-11-15,18857.525390625
2014-11-16,17681.673828125
2014-11-17,18323.08203125
2014-11-18,18269.365234375
2014-11-19,17535.759765625
2014-11-20,17820.578125
2014-11-21,16518.01171875
2014-11-22,16064.681640625
2014-11-23,16136.458984375
2014-11-24,16765.744140625
2014-11-25,16902.58203125
2014-11-26,17409.6796875
2014-11-27,17559.943359375
2014-11-28,17964.873046875
2014-11-29,18950.5390625
2014-11-30,18918.193359375
2014-12-01,19056.18359375
2014-12-02,19411.912109375
2014-12-03,20569.08984375
2014-12-04,20093.7734375
2014-12-05,20088.77734375
2014-12-06,19823.068359375
2014-12-07,19721.99609375
2014-12-08,19728.783203125
2014-12-09,19443.53125
2014-12-10,19041.2578125
2014-12-11,18892.21484375
2014-12-12,19785.2265625
2014-12-13,20513.5078125
2014-12-14,20184.365234375
2014-12-15,20454.12890625
2014-12-16,22778.986328125
2014-12-17,22386.298828125
2014-12-18,19235.70703125
2014-12-19,19186.673828125
2014-12-20,18501.46484375
2014-12-21,19196.044921875
2014-12-22,18446.3203125
2014-12-23,18466.78515625
2014-12-24,18217.294921875
2014-12-25,17177.84375
2014-12-26,16915.056640625
2014-12-27,17672.447265625
2014-12-28,17056.19921875
2014-12-29,17102.638671875
2014-12-30,18486.6953125
2014-12-31,17190.435546875
2015-01-01,18600.291015625
2015-01-02,18231.34375
2015-01-03,18495.62890625
2015-01-04,16515.921875
2015-01-05,15572.3603515625
2015-01-06,16589.9375
2015-01-07,18064.33203125
2015-01-08,18489.326171875
2015-01-09,16903.4453125
2015-01-10,17605.927734375
2015-01-11,16827.978515625
2015-01-12,16309.4267578125
2015-01-13,16851.169921875
2015-01-14,14595.6494140625
2015-01-15,11380.6689453125
2015-01-16,13618.8203125
2015-01-17,13511.2880859375
2015-01-18,13005.2509765625
2015-01-19,13786.322265625
2015-01-20,13815.53515625
2015-01-21,13760.7080078125
2015-01-22,14825.94140625
2015-01-23,15229.978515625
2015-01-24,14895.126953125
2015-01-25,15833.001953125
2015-01-26,16213.416015625
2015-01-27,18662.76953125
2015-01-28,17844.6640625
2015-01-29,15760.5576171875
2015-01-30,16012.8515625
2015-01-31,15643.1103515625
2015-02-01,14981.71484375
2015-02-02,15723.0048828125
2015-02-03,16212.171875
2015-02-04,14799.5908203125
2015-02-05,15447.0693359375
2015-02-06,14424.294921875
2015-02-07,14939.787109375
2015-02-08,15279.337890625
2015-02-09,14990.51953125
2015-02-10,14507.7724609375
2015-02-11,14382.5576171875
2015-02-12,14407.8837890625
2015-02-13,14487.916015625
2015-02-14,14956.0283203125
2015-02-15,16351.693359375
2015-02-16,14853.2685546875
2015-02-17,14748.53515625
2015-02-18,15237.46875
2015-02-19,14558.6005859375
2015-02-20,14871.537109375
2015-02-21,15043.154296875
2015-02-22,15092.033203125
2015-02-23,14662.369140625
2015-02-24,15236.123046875
2015-02-25,14971.236328125
2015-02-26,14569.8818359375
2015-02-27,14458.0615234375
2015-02-28,15599.0859375
2015-03-01,15646.033203125
2015-03-02,16048.119140625
2015-03-03,17231.630859375
2015-03-04,17451.513671875
2015-03-05,16871.634765625
2015-03-06,16748.212890625
2015-03-07,16437.02734375
2015-03-08,16686.87890625
2015-03-09,16593.8359375
2015-03-10,17614.9140625
2015-03-11,18166.380859375
2015-03-12,18192.5625
2015-03-13,17952.962890625
2015-03-14,17666.69140625
2015-03-15,17479.306640625
2015-03-16,17783.60546875
2015-03-17,18015.4375
2015-03-18,17497.412109375
2015-03-19,15050.8623046875
2015-03-20,15602.55859375
2015-03-21,15474.935546875
2015-03-22,15372.7900390625
2015-03-23,15864.7412109375
2015-03-24,15656.0673828125
2015-03-25,14276.66015625
2015-03-26,14119.0029296875
2015-03-27,14246.5595703125
2015-03-28,14288.7392578125
2015-03-29,14622.2734375
2015-03-30,14082.1240234375
2015-03-31,14255.82421875
2015-04-01,14215.0
2015-04-02,14234.7978515625
2015-04-03,14268.0087890625
2015-04-04,14350.27734375
2015-04-05,14320.3681640625
2015-04-06,14723.5673828125
2015-04-07,14119.205078125
2015-04-08,13925.099609375
2015-04-09,13127.7099609375
2015-04-10,12638.4580078125
2015-04-11,12650.4580078125
2015-04-12,12678.2763671875
2015-04-13,12633.9423828125
2015-04-14,11694.2109375
2015-04-15,11150.158203125
2015-04-16,11142.7822265625
2015-04-17,11383.03515625
2015-04-18,11564.9560546875
2015-04-19,11596.2490234375
2015-04-20,11552.4501953125
2015-04-21,11980.107421875
2015-04-22,12675.3876953125
2015-04-23,12212.884765625
2015-04-24,11990.98046875
2015-04-25,11750.20703125
2015-04-26,11505.0244140625
2015-04-27,11159.6103515625
2015-04-28,11860.59375
2015-04-29,11623.576171875
2015-04-30,11440.3779296875
2015-05-01,12140.2412109375
2015-05-02,12029.6875
2015-05-03,12161.1474609375
2015-05-04,12434.216796875
2015-05-05,12423.2900390625
2015-05-06,11931.755859375
2015-05-07,11655.3466796875
2015-05-08,11935.1328125
2015-05-09,12373.470703125
2015-05-10,12269.9228515625
2015-05-11,12119.7919921875
2015-05-12,12330.0234375
2015-05-13,12053.6298828125
2015-05-14,11643.53125
2015-05-15,11841.826171875
2015-05-16,11747.9306640625
2015-05-17,11667.154296875
2015-05-18,11719.3916015625
2015-05-19,11473.8095703125
2015-05-20,11471.5986328125
2015-05-21,11621.2353515625
2015-05-22,11758.990234375
2015-05-23,11996.2783203125
2015-05-24,11930.876953125
2015-05-25,11967.2060546875
2015-05-26,11846.9013671875
2015-05-27,12080.8330078125
2015-05-28,12330.24609375
2015-05-29,12468.2265625
2015-05-30,12412.951171875
2015-05-31,12205.7822265625
2015-06-01,12016.873046875
2015-06-02,11950.015625
2015-06-03,11904.1875
2015-06-04,12259.419921875
2015-06-05,12654.166015625
2015-06-06,12644.15625
2015-06-07,12677.3671875
2015-06-08,12481.2236328125
2015-06-09,12796.9853515625
2015-06-10,12719.52734375
2015-06-11,12433.9208984375
2015-06-12,12557.97265625
2015-06-13,12665.7177734375
2015-06-14,12804.6484375
2015-06-15,12870.888671875
2015-06-16,12903.6923828125
2015-06-17,13558.2373046875
2015-06-18,13364.3515625
2015-06-19,13316.3291015625
2015-06-20,13204.6201171875
2015-06-21,13235.400390625
2015-06-22,13205.431640625
2015-06-23,13321.7119140625
2015-06-24,13137.4853515625
2015-06-25,13087.875
2015-06-26,13275.291015625
2015-06-27,13339.9091796875
2015-06-28,13745.55859375
2015-06-29,13623.1953125
2015-06-30,14310.4794921875
2015-07-01,14562.978515625
2015-07-02,14438.4482421875
2015-07-03,14180.0185546875
2015-07-04,14346.9521484375
2015-07-05,14588.2578125
2015-07-06,15194.7900390625
2015-07-07,15357.92578125
2015-07-08,15091.552734375
2015-07-09,15544.115234375
2015-07-10,15395.0771484375
2015-07-11,16048.71484375
2015-07-12,16514.04296875
2015-07-13,17471.990234375
2015-07-14,16531.138671875
2015-07-15,16247.466796875
2015-07-16,16244.3251953125
2015-07-17,15832.1376953125
2015-07-18,15904.12890625
2015-07-19,15644.271484375
2015-07-20,15556.623046875
2015-07-21,15963.70703125
2015-07-22,15672.06640625
2015-07-23,15905.6455078125
2015-07-24,15984.63671875
2015-07-25,16841.888671875
2015-07-26,16869.7109375
2015-07-27,17086.4609375
2015-07-28,17515.208984375
2015-07-29,17665.505859375
2015-07-30,16971.791015625
2015-07-31,17201.142578125
2015-08-01,17572.529296875
2015-08-02,17310.99609375
2015-08-03,17456.482421875
2015-08-04,17858.771484375
2015-08-05,17790.830078125
2015-08-06,17910.193359375
2015-08-07,17832.59375
2015-08-08,17909.501953125
2015-08-09,16717.037109375
2015-08-10,16981.962890625
2015-08-11,16668.560546875
2015-08-12,17383.080078125
2015-08-13,17162.283203125
2015-08-14,17057.64453125
2015-08-15,17221.6796875
2015-08-16,16984.10546875
2015-08-17,16878.103515625
2015-08-18,16778.21484375
2015-08-19,14842.15625
2015-08-20,15127.4697265625
2015-08-21,15984.134765625
2015-08-22,16063.9853515625
2015-08-23,15906.150390625
2015-08-24,15736.876953125
2015-08-25,14892.7705078125
2015-08-26,15377.6533203125
2015-08-27,15565.3515625
2015-08-28,14794.6513671875
2015-08-29,15097.341796875
2015-08-30,14989.4990234375
2015-08-31,14938.576171875
2015-09-01,14817.548828125
2015-09-02,15146.2373046875
2015-09-03,15206.58984375
2015-09-04,15099.6865234375
2015-09-05,15759.884765625
2015-09-06,16079.669921875
2015-09-07,16426.361328125
2015-09-08,16548.294921875
2015-09-09,16662.802734375
2015-09-10,16242.0029296875
2015-09-11,16111.0400390625
2015-09-12,16256.171875
2015-09-13,15943.5263671875
2015-09-14,15643.361328125
2015-09-15,15564.087890625
2015-09-16,15384.568359375
2015-09-17,14949.2705078125
2015-09-18,15272.2734375
2015-09-19,15461.771484375
2015-09-20,15364.8935546875
2015-09-21,15355.6982421875
2015-09-22,15013.9990234375
2015-09-23,15236.0029296875
2015-09-24,15335.046875
2015-09-25,15480.7822265625
2015-09-26,15396.302734375
2015-09-27,15334.9345703125
2015-09-28,15227.474609375
2015-09-29,15752.4697265625
2015-09-30,15565.232421875
2015-10-01,15416.9609375
2015-10-02,15587.4150390625
2015-10-03,15680.3564453125
2015-10-04,15768.2109375
2015-10-05,15737.9443359375
2015-10-06,15569.578125
2015-10-07,15401.7490234375
2015-10-08,15028.111328125
2015-10-09,14877.251953125
2015-10-10,15064.1806640625
2015-10-11,15126.1083984375
2015-10-12,15257.9365234375
2015-10-13,15119.8896484375
2015-10-14,15717.8095703125
2015-10-15,15790.3935546875
2015-10-16,15512.056640625
2015-10-17,16041.361328125
2015-10-18,16539.55078125
2015-10-19,16162.71484375
2015-10-20,16341.4638671875
2015-10-21,16682.16015625
2015-10-22,16719.958984375
2015-10-23,17122.216796875
2015-10-24,17190.25390625
2015-10-25,17497.435546875
2015-10-26,17633.15234375
2015-10-27,17956.421875
2015-10-28,19203.771484375
2015-10-29,19453.150390625
2015-10-30,20148.861328125
2015-10-31,21024.767578125
2015-11-01,20160.3203125
2015-11-02,20899.400390625
2015-11-03,23024.16796875
2015-11-04,25243.12890625
2015-11-05,25782.3046875
2015-11-06,24547.853515625
2015-11-07,24041.169921875
2015-11-08,24684.09765625
2015-11-09,24121.439453125
2015-11-10,24515.9609375
2015-11-11,21884.408203125
2015-11-12,20501.5078125
2015-11-13,22528.056640625
2015-11-14,22494.8984375
2015-11-15,22256.1328125
2015-11-16,21335.595703125
2015-11-17,21562.728515625
2015-11-18,21775.3125
2015-11-19,21744.09375
2015-11-20,21034.154296875
2015-11-21,20807.14453125
2015-11-22,21122.5859375
2015-11-23,20911.65625
2015-11-24,21214.751953125
2015-11-25,20945.345703125
2015-11-26,21528.470703125
2015-11-27,23159.138671875
2015-11-28,23698.08984375
2015-11-29,23720.052734375
2015-11-30,24654.130859375
2015-12-01,25022.548828125
2015-12-02,24104.3046875
2015-12-03,24224.298828125
2015-12-04,24396.021484375
2015-12-05,24742.12109375
2015-12-06,26499.478515625
2015-12-07,26571.150390625
2015-12-08,27435.646484375
2015-12-09,28782.927734375
2015-12-10,28935.220703125
2015-12-11,28529.8046875
2015-12-12,31826.2890625
2015-12-13,30371.59765625
2015-12-14,30394.03125
2015-12-15,31279.638671875
2015-12-16,32542.462890625
2015-12-17,31942.626953125
2015-12-18,32405.25
2015-12-19,32915.4375
2015-12-20,32821.8515625
2015-12-21,31444.599609375
2015-12-22,31205.810546875
2015-12-23,31100.140625
2015-12-24,30892.3046875
2015-12-25,31983.130859375
2015-12-26,32194.1484375
2015-12-27,29422.1328125
2015-12-28,29708.09375
2015-12-29,30486.02734375
2015-12-30,31314.58984375
2015-12-31,31248.578125
2016-01-01,31420.8828125
2016-01-02,31675.251953125
2016-01-03,31599.1640625
2016-01-04,31501.96875
2016-01-05,31624.86328125
2016-01-06,31639.9296875
2016-01-07,32057.533203125
2016-01-08,34212.17578125
2016-01-09,33817.8359375
2016-01-10,33434.07421875
2016-01-11,33607.48046875
2016-01-12,34220.9375
2016-01-13,33390.96484375
2016-01-14,33102.453125
2016-01-15,32796.1875
2016-01-16,28382.599609375
2016-01-17,30099.1328125
2016-01-18,29698.828125
2016-01-19,30704.70703125
2016-01-20,29891.232421875
2016-01-21,34142.9375
2016-01-22,33663.09375
2016-01-23,29868.09375
2016-01-24,30310.765625
2016-01-25,31420.95703125
2016-01-26,31379.76171875
2016-01-27,30830.400390625
2016-01-28,30821.38671875
2016-01-29,29125.775390625
2016-01-30,28590.13671875
2016-01-31,28546.97265625
2016-02-01,27811.31640625
2016-02-02,28831.37890625
2016-02-03,29913.796875
2016-02-04,28433.84375
2016-02-05,29874.951171875
2016-02-06,29963.662109375
2016-02-07,29182.771484375
2016-02-08,29163.62890625
2016-02-09,29220.537109375
2016-02-10,29982.296875
2016-02-11,29971.876953125
2016-02-12,30384.373046875
2016-02-13,30134.12109375
2016-02-14,30783.66796875
2016-02-15,31871.205078125
2016-02-16,30827.208984375
2016-02-17,31746.578125
2016-02-18,31258.9375
2016-02-19,32300.96875
2016-02-20,32469.6015625
2016-02-21,33710.7109375
2016-02-22,33804.34765625
2016-02-23,32923.94921875
2016-02-24,32142.095703125
2016-02-25,32326.400390625
2016-02-26,32000.720703125
2016-02-27,32950.86328125
2016-02-28,32930.46484375
2016-02-29,33033.17578125
2016-03-01,32756.19140625
2016-03-02,31849.197265625
2016-03-03,31133.19921875
2016-03-04,30820.646484375
2016-03-05,29543.576171875
2016-03-06,28805.95703125
2016-03-07,29399.279296875
2016-03-08,29619.865234375
2016-03-09,30219.0234375
2016-03-10,29481.123046875
2016-03-11,29820.208984375
2016-03-12,29455.09765625
2016-03-13,28759.458984375
2016-03-14,28969.671875
2016-03-15,29150.69921875
2016-03-16,29479.400390625
2016-03-17,28898.279296875
2016-03-18,28555.140625
2016-03-19,28032.8125
2016-03-20,28110.62109375
2016-03-21,28228.80078125
2016-03-22,28022.7421875
2016-03-23,28225.869140625
2016-03-24,28720.666015625
2016-03-25,28703.6484375
2016-03-26,28509.3671875
2016-03-27,28562.30859375
2016-03-28,29036.40234375
2016-03-29,29070.63671875
2016-03-30,28409.322265625
2016-03-31,28297.271484375
2016-04-01,27894.7890625
2016-04-02,28299.97265625
2016-04-03,28486.037109375
2016-04-04,28494.55859375
2016-04-05,28880.671875
2016-04-06,29113.943359375
2016-04-07,28624.849609375
2016-04-08,28807.70703125
2016-04-09,28248.748046875
2016-04-10,28166.91796875
2016-04-11,28378.318359375
2016-04-12,28212.083984375
2016-04-13,27929.544921875
2016-04-14,28099.89453125
2016-04-15,28026.697265625
2016-04-16,28529.150390625
2016-04-17,28599.61328125
2016-04-18,29021.744140625
2016-04-19,28419.408203125
2016-04-20,28675.009765625
2016-04-21,28743.5078125
2016-04-22,30048.376953125
2016-04-23,29592.017578125
2016-04-24,29903.892578125
2016-04-25,30485.634765625
2016-04-26,30725.12109375
2016-04-27,30444.810546875
2016-04-28,28983.990234375
2016-04-29,29031.755859375
2016-04-30,29445.693359375
2016-05-01,29012.654296875
2016-05-02,29235.7734375
2016-05-03,28864.60546875
2016-05-04,29862.755859375
2016-05-05,29762.12109375
2016-05-06,29509.298828125
2016-05-07,30266.998046875
2016-05-08,30187.3203125
2016-05-09,30078.703125
2016-05-10,30638.4921875
2016-05-11,29802.517578125
2016-05-12,29418.330078125
2016-05-13,29424.474609375
2016-05-14,29868.029296875
2016-05-15,29863.8359375
2016-05-16,29941.408203125
2016-05-17,29465.18359375
2016-05-18,29395.048828125
2016-05-19,29990.85546875
2016-05-20,29244.572265625
2016-05-21,29560.0078125
2016-05-22,29576.822265625
2016-05-23,29318.5703125
2016-05-24,29578.671875
2016-05-25,29537.333984375
2016-05-26,29412.37109375
2016-05-27,29868.576171875
2016-05-28,31132.638671875
2016-05-29,34716.16015625
2016-05-30,34831.20703125
2016-05-31,35116.00390625
2016-06-01,35302.09765625
2016-06-02,35918.60546875
2016-06-03,35934.09375
2016-06-04,37378.6328125
2016-06-05,37615.0234375
2016-06-06,37699.92578125
2016-06-07,38336.63671875
2016-06-08,37315.92578125
2016-06-09,37155.1484375
2016-06-10,37079.58203125
2016-06-11,37750.95703125
2016-06-12,39773.95703125
2016-06-13,43724.67578125
2016-06-14,46219.41015625
2016-06-15,45280.44140625
2016-06-16,45578.515625
2016-06-17,50455.015625
2016-06-18,48478.65625
2016-06-19,48992.21875
2016-06-20,49419.05078125
2016-06-21,47185.62890625
2016-06-22,42493.69921875
2016-06-23,38566.796875
2016-06-24,39761.421875
2016-06-25,43069.09375
2016-06-26,43111.17578125
2016-06-27,41203.73046875
2016-06-28,43592.80859375
2016-06-29,41297.046875
2016-06-30,40880.08203125
2016-07-01,42830.80078125
2016-07-02,43168.86328125
2016-07-03,44969.91015625
2016-07-04,42025.109375
2016-07-05,43765.6171875
2016-07-06,43153.734375
2016-07-07,43607.765625
2016-07-08,41210.01171875
2016-07-09,42522.9609375
2016-07-10,41515.69921875
2016-07-11,41380.73828125
2016-07-12,41607.453125
2016-07-13,42367.51171875
2016-07-14,41751.484375
2016-07-15,41362.78515625
2016-07-16,42121.01953125
2016-07-17,42007.55859375
2016-07-18,43215.8671875
2016-07-19,42200.8515625
2016-07-20,42760.58984375
2016-07-21,42377.88671875
2016-07-22,42668.04296875
2016-07-23,42108.48046875
2016-07-24,42411.578125
2016-07-25,42754.8203125
2016-07-26,42813.140625
2016-07-27,42996.3046875
2016-07-28,43204.78515625
2016-07-29,43671.796875
2016-07-30,43346.6953125
2016-07-31,43220.546875
2016-08-01,41222.66796875
2016-08-02,40603.30859375
2016-08-03,36561.88671875
2016-08-04,37590.93359375
2016-08-05,38131.26953125
2016-08-06,37634.44921875
2016-08-07,38468.3203125
2016-08-08,38765.29296875
2016-08-09,38204.69921875
2016-08-10,38076.7109375
2016-08-11,38426.18359375
2016-08-12,37850.34765625
2016-08-13,37993.59765625
2016-08-14,37879.234375
2016-08-15,36884.55078125
2016-08-16,36329.01953125
2016-08-17,36884.203125
2016-08-18,36635.78125
2016-08-19,36579.99609375
2016-08-20,36809.17578125
2016-08-21,37183.28515625
2016-08-22,37123.85546875
2016-08-23,37996.94140625
2016-08-24,37611.40234375
2016-08-25,37804.8203125
2016-08-26,37371.72265625
2016-08-27,37491.58984375
2016-08-28,36869.02734375
2016-08-29,37151.00390625
2016-08-30,37106.30859375
2016-08-31,37698.03515625
2016-09-01,37556.73828125
2016-09-02,37687.2421875
2016-09-03,37485.8984375
2016-09-04,38986.16796875
2016-09-05,39728.6796875
2016-09-06,39383.76953125
2016-09-07,39389.34765625
2016-09-08,39498.3515625
2016-09-09,40153.359375
2016-09-10,40308.484375
2016-09-11,40340.64453125
2016-09-12,39302.6640625
2016-09-13,39344.0234375
2016-09-14,39838.4140625
2016-09-15,39781.9453125
2016-09-16,39263.4296875
2016-09-17,39556.00390625
2016-09-18,39495.09375
2016-09-19,39632.16015625
2016-09-20,39342.8828125
2016-09-21,39067.59765625
2016-09-22,38196.109375
2016-09-23,37960.8828125
2016-09-24,38574.12890625
2016-09-25,38560.56640625
2016-09-26,38412.296875
2016-09-27,38871.63671875
2016-09-28,38643.80859375
2016-09-29,38153.1640625
2016-09-30,38197.78125
2016-10-01,38346.54296875
2016-10-02,38599.21875
2016-10-03,38412.171875
2016-10-04,38115.5390625
2016-10-05,38230.76953125
2016-10-06,38156.44921875
2016-10-07,38067.27734375
2016-10-08,38414.3515625
2016-10-09,38528.28515625
2016-10-10,38357.078125
2016-10-11,38406.6875
2016-10-12,40155.62890625
2016-10-13,40199.1953125
2016-10-14,40124.43359375
2016-10-15,40243.54296875
2016-10-16,40166.3671875
2016-10-17,40420.28515625
2016-10-18,40306.87109375
2016-10-19,40082.08984375
2016-10-20,39294.91015625
2016-10-21,39344.4296875
2016-10-22,39493.44140625
2016-10-23,41020.75390625
2016-10-24,41070.58984375
2016-10-25,40672.05859375
2016-10-26,40909.54296875
2016-10-27,42617.203125
2016-10-28,43176.12890625
2016-10-29,43433.328125
2016-10-30,44932.66015625
2016-10-31,44237.08984375
2016-11-01,44379.76171875
2016-11-02,46189.15625
2016-11-03,47151.6640625
2016-11-04,43841.2421875
2016-11-05,45343.8046875
2016-11-06,45362.3046875
2016-11-07,45733.73046875
2016-11-08,44800.05859375
2016-11-09,45330.84375
2016-11-10,45956.03515625
2016-11-11,46910.35546875
2016-11-12,47045.30859375
2016-11-13,46286.80859375
2016-11-14,46211.19921875
2016-11-15,46562.078125
2016-11-16,45651.01953125
2016-11-17,48232.2109375
2016-11-18,48049.3125
2016-11-19,48603.97265625
2016-11-20,48606.94921875
2016-11-21,47187.80078125
2016-11-22,47280.8671875
2016-11-23,47896.8046875
2016-11-24,47916.890625
2016-11-25,47731.55859375
2016-11-26,48098.109375
2016-11-27,47704.12109375
2016-11-28,47684.34375
2016-11-29,47761.7578125
2016-11-30,47963.01171875
2016-12-01,47840.72265625
2016-12-02,48472.5
2016-12-03,49747.7890625
2016-12-04,49325.26171875
2016-12-05,49631.78515625
2016-12-06,48400.1875
2016-12-07,48757.12109375
2016-12-08,48570.0546875
2016-12-09,48707.42578125
2016-12-10,48286.9609375
2016-12-11,48394.9609375
2016-12-12,47866.9921875
2016-12-13,47559.35546875
2016-12-14,47247.2421875
2016-12-15,48376.04296875
2016-12-16,48022.6796875
2016-12-17,48713.9765625
2016-12-18,49076.4296875
2016-12-19,49058.8828125
2016-12-20,48996.515625
2016-12-21,49122.390625
2016-12-22,51024.62109375
2016-12-23,52679.46484375
2016-12-24,56246.6171875
2016-12-25,54872.5625
2016-12-26,54882.515625
2016-12-27,55307.5859375
2016-12-28,56793.5078125
2016-12-29,59007.4453125
2016-12-30,58815.31640625
2016-12-31,58850.89453125
2017-01-01,59036.58203125
2017-01-02,61112.86328125
2017-01-03,62571.05859375
2017-01-04,63599.15625
2017-01-05,69808.1953125
2017-01-06,60203.5625
2017-01-07,53809.87890625
2017-01-08,54089.0859375
2017-01-09,54315.1875
2017-01-10,54247.92578125
2017-01-11,54620.2109375
2017-01-12,46365.33203125
2017-01-13,47665.62109375
2017-01-14,49182.1796875
2017-01-15,48764.9453125
2017-01-16,48967.5859375
2017-01-17,49689.32421875
2017-01-18,54045.21875
2017-01-19,52847.05078125
2017-01-20,53700.625
2017-01-21,53429.4375
2017-01-22,55019.765625
2017-01-23,55257.84375
2017-01-24,54172.71484375
2017-01-25,52875.9296875
2017-01-26,53674.45703125
2017-01-27,55385.3125
2017-01-28,54982.52734375
2017-01-29,55117.38671875
2017-01-30,55027.515625
2017-01-31,55084.3984375
2017-02-01,58351.125
2017-02-02,59538.7578125
2017-02-03,60003.44921875
2017-02-04,60864.24609375
2017-02-05,61583.6484375
2017-02-06,60578.51953125
2017-02-07,61252.28515625
2017-02-08,63020.32421875
2017-02-09,63011.92578125
2017-02-10,58691.51171875
2017-02-11,57613.39453125
2017-02-12,58465.27734375
2017-02-13,58386.828125
2017-02-14,57473.02734375
2017-02-15,57426.41796875
2017-02-16,57641.61328125
2017-02-17,59058.953125
2017-02-18,61306.91015625
2017-02-19,61631.2109375
2017-02-20,61078.53515625
2017-02-21,62535.3203125
2017-02-22,64008.140625
2017-02-23,64729.375
2017-02-24,67740.421875
2017-02-25,68436.1015625
2017-02-26,66907.640625
2017-02-27,67861.40625
2017-02-28,68673.15625
2017-03-01,68900.296875
2017-03-02,71314.5859375
2017-03-03,73544.625
2017-03-04,74392.2890625
2017-03-05,73044.7109375
2017-03-06,73780.0625
2017-03-07,74189.6875
2017-03-08,71140.1171875
2017-03-09,67710.171875
2017-03-10,70416.7734375
2017-03-11,65703.0234375
2017-03-12,69252.0859375
2017-03-13,72192.171875
2017-03-14,72513.234375
2017-03-15,73323.84375
2017-03-16,73093.9375
2017-03-17,68191.1796875
2017-03-18,62803.40234375
2017-03-19,55781.1484375
2017-03-20,59510.3984375
2017-03-21,60504.2109375
2017-03-22,64523.66796875
2017-03-23,60663.0703125
2017-03-24,59610.66015625
2017-03-25,53330.61328125
2017-03-26,55464.6015625
2017-03-27,55366.40625
2017-03-28,59461.35546875
2017-03-29,59567.453125
2017-03-30,59014.3046875
2017-03-31,57472.5390625
2017-04-01,60268.14453125
2017-04-02,60768.64453125
2017-04-03,62036.5234375
2017-04-04,64286.58203125
2017-04-05,63565.14453125
2017-04-06,63492.30859375
2017-04-07,66451.0703125
2017-04-08,67120.84375
2017-04-09,67345.21875
2017-04-10,68097.59375
2017-04-11,67783.1796875
2017-04-12,68684.171875
2017-04-13,68019.171875
2017-04-14,65850.71875
2017-04-15,65754.015625
2017-04-16,66053.1171875
2017-04-17,66612.359375
2017-04-18,66760.9921875
2017-04-19,68167.6484375
2017-04-20,68510.796875
2017-04-21,69064.265625
2017-04-22,69010.9765625
2017-04-23,69530.796875
2017-04-24,68272.7265625
2017-04-25,69751.8515625
2017-04-26,71020.140625
2017-04-27,73127.1484375
2017-04-28,75142.8046875
2017-04-29,75007.1015625
2017-04-30,75236.4765625
2017-05-01,76740.7890625
2017-05-02,80963.1875
2017-05-03,82984.5234375
2017-05-04,85504.265625
2017-05-05,89968.3203125
2017-05-06,90154.25
2017-05-07,91466.4765625
2017-05-08,92476.0390625
2017-05-09,100484.171875
2017-05-10,102430.0625
2017-05-11,102303.6171875
2017-05-12,105345.828125
2017-05-13,98291.9375
2017-05-14,102726.453125
2017-05-15,103230.2734375
2017-05-16,98171.4375
2017-05-17,97610.8359375
2017-05-18,103851.0390625
2017-05-19,109182.2578125
2017-05-20,113017.3515625
2017-05-21,117732.859375
2017-05-22,116374.9921875
2017-05-23,124057.640625
2017-05-24,130948.0234375
2017-05-25,137954.234375
2017-05-26,131927.96875
2017-05-27,124115.609375
2017-05-28,116080.171875
2017-05-29,122332.3515625
2017-05-30,127356.3515625
2017-05-31,123748.8046875
2017-06-01,129413.078125
2017-06-02,135462.53125
2017-06-03,141240.5625
2017-06-04,144303.0
2017-06-05,142318.65625
2017-06-06,152304.234375
2017-06-07,162200.3125
2017-06-08,155208.84375
2017-06-09,159833.734375
2017-06-10,161250.921875
2017-06-11,167766.203125
2017-06-12,168382.5625
2017-06-13,152912.671875
2017-06-14,154833.625
2017-06-15,143055.96875
2017-06-16,142765.59375
2017-06-17,145159.9375
2017-06-18,153320.984375
2017-06-19,146549.859375
2017-06-20,151333.734375
2017-06-21,161265.546875
2017-06-22,162037.140625
2017-06-23,162457.734375
2017-06-24,162758.453125
2017-06-25,154956.6875
2017-06-26,153934.265625
2017-06-27,145696.921875
2017-06-28,151574.15625
2017-06-29,152047.5625
2017-06-30,150997.6875
2017-07-01,146865.5
2017-07-02,143554.140625
2017-07-03,147044.25
2017-07-04,151867.8125
2017-07-05,154726.046875
2017-07-06,156332.125
2017-07-07,156861.046875
2017-07-08,152111.40625
2017-07-09,155270.390625
2017-07-10,152411.96875
2017-07-11,143790.421875
2017-07-12,141721.375
2017-07-13,144077.90625
2017-07-14,141275.421875
2017-07-15,131658.484375
2017-07-16,117599.5234375
2017-07-17,114148.265625
2017-07-18,132327.125
2017-07-19,137366.984375
2017-07-20,133708.09375
2017-07-21,167388.125
2017-07-22,158275.109375
2017-07-23,166547.015625
2017-07-24,162141.46875
2017-07-25,165455.234375
2017-07-26,154422.609375
2017-07-27,150783.890625
2017-07-28,159458.671875
2017-07-29,167101.90625
2017-07-30,162182.9375
2017-07-31,164777.53125
2017-08-01,171547.25
2017-08-02,164448.390625
2017-08-03,164009.9375
2017-08-04,169305.59375
2017-08-05,173602.21875
2017-08-06,195169.28125
2017-08-07,192305.765625
2017-08-08,202194.65625
2017-08-09,204820.046875
2017-08-10,200539.484375
2017-08-11,202680.890625
2017-08-12,218362.421875
2017-08-13,232084.59375
2017-08-14,243181.65625
2017-08-15,259221.765625
2017-08-16,250717.03125
2017-08-17,260278.328125
2017-08-18,256087.40625
2017-08-19,243709.34375
2017-08-20,246746.171875
2017-08-21,241429.53125
2017-08-22,236467.21875
2017-08-23,241506.75
2017-08-24,244239.640625
2017-08-25,256328.328125
2017-08-26,256056.6875
2017-08-27,254477.734375
2017-08-28,256756.90625
2017-08-29,256985.171875
2017-08-30,268644.84375
2017-08-31,266391.75
2017-09-01,272720.875
2017-09-02,281562.0625
2017-09-03,263400.84375
2017-09-04,263766.1875
2017-09-05,244563.03125
2017-09-06,251829.421875
2017-09-07,263242.71875
2017-09-08,262218.75
2017-09-09,242549.578125
2017-09-10,242522.609375
2017-09-11,236291.75
2017-09-12,238452.84375
2017-09-13,238206.171875
2017-09-14,224361.84375
2017-09-15,182253.8125
2017-09-16,209608.96875
2017-09-17,207795.65625
2017-09-18,206717.515625
2017-09-19,236627.3125
2017-09-20,227582.03125
2017-09-21,226744.84375
2017-09-22,210099.734375
2017-09-23,208649.609375
2017-09-24,218204.59375
2017-09-25,211919.109375
2017-09-26,226014.78125
2017-09-27,225169.984375
2017-09-28,244260.375
2017-09-29,241621.90625
2017-09-30,239580.484375
2017-10-01,249640.75
2017-10-02,252861.5
2017-10-03,255205.3125
2017-10-04,249990.453125
2017-10-05,243910.109375
2017-10-06,249462.953125
2017-10-07,254101.734375
2017-10-08,257609.671875
2017-10-09,268146.53125
2017-10-10,278402.40625
2017-10-11,277580.625
2017-10-12,279125.59375
2017-10-13,315258.0
2017-10-14,322643.40625
2017-10-15,333644.75
2017-10-16,325161.21875
2017-10-17,328361.53125
2017-10-18,320954.3125
2017-10-19,320266.59375
2017-10-20,326755.625
2017-10-21,344683.5
2017-10-22,346975.15625
2017-10-23,345495.75
2017-10-24,341321.5
2017-10-25,318189.34375
2017-10-26,331765.9375
2017-10-27,341430.34375
2017-10-28,336000.3125
2017-10-29,334062.5
2017-10-30,354985.40625
2017-10-31,355093.0
2017-11-01,374935.3125
2017-11-02,394314.40625
2017-11-03,412880.5
2017-11-04,423066.125
2017-11-05,437240.625
2017-11-06,437163.84375
2017-11-07,409358.9375
2017-11-08,423917.3125
2017-11-09,440906.6875
2017-11-10,425537.78125
2017-11-11,391705.875
2017-11-12,372580.46875
2017-11-13,351616.25
2017-11-14,389338.53125
2017-11-15,400214.6875
2017-11-16,440849.53125
2017-11-17,468852.625
2017-11-18,454762.71875
2017-11-19,458828.6875
2017-11-20,474960.3125
2017-11-21,487425.90625
2017-11-22,477636.28125
2017-11-23,480742.15625
2017-11-24,471921.625
2017-11-25,481045.53125
2017-11-26,512991.65625
2017-11-27,545749.875
2017-11-28,574376.9375
2017-11-29,588691.5
2017-11-30,580572.5625
2017-12-01,596234.625
2017-12-02,646276.0625
2017-12-03,652421.9375
2017-12-04,666048.25
2017-12-05,687054.875
2017-12-06,701203.25
2017-12-07,844146.5
2017-12-08,1054312.625
2017-12-09,976323.8125
2017-12-10,896265.875
2017-12-11,911875.0625
2017-12-12,997396.875
2017-12-13,1036906.5
2017-12-14,959301.9375
2017-12-15,975884.25
2017-12-16,1045003.6875
2017-12-17,1145942.5
2017-12-18,1123792.625
2017-12-19,1120261.75
2017-12-20,1042510.125
2017-12-21,977371.5625
2017-12-22,929039.375
2017-12-23,813394.75
2017-12-24,851852.375
2017-12-25,815868.625
2017-12-26,814657.5625
2017-12-27,931780.5
2017-12-28,916554.6875
2017-12-29,845775.625
2017-12-30,846521.6875
2017-12-31,743649.125
2018-01-01,813674.1875
2018-01-02,785583.4375
2018-01-03,860509.5625
2018-01-04,872801.4375
2018-01-05,881612.25
2018-01-06,994250.0625
2018-01-07,997962.4375
2018-01-08,938115.25
2018-01-09,863818.875
2018-01-10,830014.1875
2018-01-11,853411.9375
2018-01-12,760629.6875
2018-01-13,790210.9375
2018-01-14,813907.5
2018-01-15,778783.125
2018-01-16,779240.8125
2018-01-17,646189.75
2018-01-18,636988.875
2018-01-19,646098.0
2018-01-20,660666.4375
2018-01-21,730552.125
2018-01-22,658503.25
2018-01-23,618274.5
2018-01-24,614717.375
2018-01-25,641502.0625
2018-01-26,629361.25
2018-01-27,628214.875
2018-01-28,645102.3125
2018-01-29,660883.625
2018-01-30,636610.125
2018-01-31,569764.875
2018-02-01,575239.0
2018-02-02,511575.5
2018-02-03,500349.28125
2018-02-04,518639.03125
2018-02-05,467391.375
2018-02-06,404069.5
2018-02-07,441093.5
2018-02-08,441611.90625
2018-02-09,482216.84375
2018-02-10,508648.375
2018-02-11,502584.875
2018-02-12,475008.5
2018-02-13,515875.125
2018-02-14,495493.84375
2018-02-15,538174.6875
2018-02-16,571519.6875
2018-02-17,575702.0
2018-02-18,627358.6875
2018-02-19,595905.3125
2018-02-20,633693.625
2018-02-21,642631.6875
2018-02-22,604797.5625
2018-02-23,561268.5625
2018-02-24,578849.8125
2018-02-25,551207.3125
2018-02-26,542861.125
2018-02-27,578492.25
2018-02-28,601069.5
2018-03-01,585156.3125
2018-03-02,623627.1875
2018-03-03,630643.4375
2018-03-04,653109.8125
2018-03-05,654753.1875
2018-03-06,649005.8125
2018-03-07,614439.4375
2018-03-08,565296.5625
2018-03-09,537676.75
2018-03-10,529408.875
2018-03-11,501224.0625
2018-03-12,544220.125
2018-03-13,521576.3125
2018-03-14,525612.875
2018-03-15,473057.5
2018-03-16,478061.3125
2018-03-17,478556.4375
2018-03-18,453749.09375
2018-03-19,479668.40625
2018-03-20,497746.28125
2018-03-21,514094.59375
2018-03-22,508420.84375
2018-03-23,501195.15625
2018-03-24,509399.84375
2018-03-25,492854.25
2018-03-26,486011.34375
2018-03-27,469457.375
2018-03-28,449857.5625
2018-03-29,460745.0
2018-03-30,410605.6875
2018-03-31,393705.34375
2018-04-01,400021.78125
2018-04-02,390985.25
2018-04-03,407644.15625
2018-04-04,429466.84375
2018-04-05,393224.8125
2018-04-06,393098.21875
2018-04-07,385497.84375
2018-04-08,402327.625
2018-04-09,409247.5
2018-04-10,412115.5625
2018-04-11,430663.0
2018-04-12,433989.96875
2018-04-13,490182.03125
2018-04-14,488381.53125
2018-04-15,496112.84375
2018-04-16,517090.28125
2018-04-17,494380.3125
2018-04-18,488918.5
2018-04-19,496601.71875
2018-04-20,504853.28125
2018-04-21,543113.0625
2018-04-22,547794.25
2018-04-23,539774.125
2018-04-24,552132.375
2018-04-25,597136.25
2018-04-26,553549.5625
2018-04-27,582318.125
2018-04-28,555331.5625
2018-04-29,581668.25
2018-04-30,586628.3125
2018-05-01,582486.4375
2018-05-02,580236.125
2018-05-03,591547.5
2018-05-04,610301.6875
2018-05-05,606085.125
2018-05-06,615146.75
2018-05-07,602867.875
2018-05-08,589852.25
2018-05-09,582743.3125
2018-05-10,587638.0625
2018-05-11,558799.375
2018-05-12,522423.875
2018-05-13,527006.6875
2018-05-14,539236.3125
2018-05-15,538095.6875
2018-05-16,529319.5625
2018-05-17,516223.65625
2018-05-18,502798.0
2018-05-19,514269.25
2018-05-20,513724.8125
2018-05-21,531461.0
2018-05-22,517865.78125
2018-05-23,491894.21875
2018-05-24,463422.5625
2018-05-25,466760.15625
2018-05-26,465624.625
2018-05-27,457887.5
2018-05-28,458117.34375
2018-05-29,444068.40625
2018-05-30,469698.125
2018-05-31,460163.34375
2018-06-01,467370.125
2018-06-02,468755.34375
2018-06-03,474687.0
2018-06-04,480417.03125
2018-06-05,465243.3125
2018-06-06,473617.75
2018-06-07,471969.90625
2018-06-08,479120.84375
2018-06-09,475509.0625
2018-06-10,468532.125
2018-06-11,424200.90625
2018-06-12,433300.84375
2018-06-13,415392.34375
2018-06-14,396763.125
2018-06-15,417726.0
2018-06-16,407538.375
2018-06-17,413225.1875
2018-06-18,410260.6875
2018-06-19,427173.5625
2018-06-20,431942.65625
2018-06-21,430886.90625
2018-06-22,428411.90625
2018-06-23,383219.5625
2018-06-24,387887.3125
2018-06-25,388763.15625
2018-06-26,392471.53125
2018-06-27,383907.375
2018-06-28,388415.78125
2018-06-29,370454.46875
2018-06-30,390162.9375
2018-07-01,402560.53125
2018-07-02,401799.3125
2018-07-03,417908.96875
2018-07-04,413284.5625
2018-07-05,418040.15625
2018-07-06,418751.96875
2018-07-07,419559.875
2018-07-08,431456.40625
2018-07-09,426252.125
2018-07-10,420913.53125
2018-07-11,390842.75
2018-07-12,398635.8125
2018-07-13,388085.09375
2018-07-14,390674.90625
2018-07-15,392250.75
2018-07-16,397522.90625
2018-07-17,419539.84375
2018-07-18,458131.40625
2018-07-19,464694.53125
2018-07-20,475001.3125
2018-07-21,466324.21875
2018-07-22,470451.6875
2018-07-23,469969.53125
2018-07-24,485755.0625
2018-07-25,530982.1875
2018-07-26,513372.90625
2018-07-27,500135.0
2018-07-28,512522.75
2018-07-29,514829.0625
2018-07-30,515894.28125
2018-07-31,509062.09375
2018-08-01,484886.0
2018-08-02,480831.8125
2018-08-03,478731.875
2018-08-04,470849.21875
2018-08-05,445049.78125
2018-08-06,447013.46875
2018-08-07,443144.09375
2018-08-08,428417.5625
2018-08-09,413591.78125
2018-08-10,437195.90625
2018-08-11,418628.90625
2018-08-12,425251.65625
2018-08-13,429157.25
2018-08-14,425352.65625
2018-08-15,412529.90625
2018-08-16,423657.6875
2018-08-17,423838.46875
2018-08-18,440908.78125
2018-08-19,430135.5625
2018-08-20,435355.40625
2018-08-21,422116.25
2018-08-22,435956.4375
2018-08-23,433535.90625
2018-08-24,446871.3125
2018-08-25,450562.5625
2018-08-26,452888.46875
2018-08-27,449949.0625
2018-08-28,464355.4375
2018-08-29,480867.59375
2018-08-30,477971.9375
2018-08-31,475669.375
2018-09-01,475323.90625
2018-09-02,485091.75
2018-09-03,491127.0625
2018-09-04,493133.71875
2018-09-05,501749.03125
2018-09-06,460596.53125
2018-09-07,451279.59375
2018-09-08,451397.90625
2018-09-09,434852.46875
2018-09-10,439655.5
2018-09-11,446594.46875
2018-09-12,438259.625
2018-09-13,437724.53125
2018-09-14,444741.875
2018-09-15,442749.875
2018-09-16,444605.375
2018-09-17,443066.8125
2018-09-18,428059.71875
2018-09-19,428818.5
2018-09-20,427598.6875
2018-09-21,432110.59375
2018-09-22,447742.40625
2018-09-23,448941.3125
2018-09-24,446756.25
2018-09-25,435229.375
2018-09-26,424396.78125
2018-09-27,427815.53125
2018-09-28,437951.6875
2018-09-29,435885.65625
2018-09-30,433366.71875
2018-10-01,434383.96875
2018-10-02,428547.40625
2018-10-03,428778.4375
2018-10-04,428444.90625
2018-10-05,439718.59375
2018-10-06,441253.1875
2018-10-07,439136.34375
2018-10-08,439595.09375
2018-10-09,443326.0
2018-10-10,439855.46875
2018-10-11,440890.03125
2018-10-12,413012.15625
2018-10-13,414761.34375
2018-10-14,415449.09375
2018-10-15,415268.3125
2018-10-16,432875.59375
2018-10-17,430658.84375
2018-10-18,428932.8125
2018-10-19,426532.96875
2018-10-20,423173.46875
2018-10-21,425084.0
2018-10-22,425189.125
2018-10-23,424164.15625
2018-10-24,424592.125
2018-10-25,425308.75
2018-10-26,423955.15625
2018-10-27,425726.375
2018-10-28,425845.9375
2018-10-29,426450.65625
2018-10-30,417065.3125
2018-10-31,415136.21875
2018-11-01,415416.4375
2018-11-02,419007.0
2018-11-03,422568.3125
2018-11-04,421128.03125
2018-11-05,420613.65625
2018-11-06,425021.90625
2018-11-07,427300.0625
2018-11-08,431705.78125
2018-11-09,431026.03125
2018-11-10,433745.9375
2018-11-11,435613.75
2018-11-12,435291.8125
2018-11-13,432444.53125
2018-11-14,431823.96875
2018-11-15,384889.34375
2018-11-16,371999.5
2018-11-17,368093.6875
2018-11-18,366850.5625
2018-11-19,371064.78125
2018-11-20,319053.375
2018-11-21,295115.9375
2018-11-22,302973.21875
2018-11-23,286142.15625
2018-11-24,287871.4375
2018-11-25,256956.140625
2018-11-26,267239.84375
2018-11-27,252879.015625
2018-11-28,256305.40625
2018-11-29,285820.53125
2018-11-30,283907.25
2018-12-01,269868.90625
2018-12-02,281689.0
2018-12-03,276797.78125
2018-12-04,258702.875
2018-12-05,264637.46875
2018-12-06,249733.046875
2018-12-07,234454.515625
2018-12-08,227279.859375
2018-12-09,230688.3125
2018-12-10,239698.65625
2018-12-11,233233.734375
2018-12-12,227221.109375
2018-12-13,231638.78125
2018-12-14,219738.046875
2018-12-15,216780.140625
2018-12-16,216264.0625
2018-12-17,216904.25
2018-12-18,236337.765625
2018-12-19,249950.09375
2018-12-20,252399.46875
2018-12-21,282248.03125
2018-12-22,268539.0
2018-12-23,277006.3125
2018-12-24,275046.0
2018-12-25,280157.4375
2018-12-26,262623.09375
2018-12-27,264751.1875
2018-12-28,254229.484375
2018-12-29,273312.125
2018-12-30,265659.5625
2018-12-31,268962.625
2019-01-01,259306.28125
2019-01-02,265736.4375
2019-01-03,271477.8125
2019-01-04,264004.9375
2019-01-05,258794.875
2019-01-06,257756.546875
2019-01-07,276608.15625
2019-01-08,269028.21875
2019-01-09,269835.40625
2019-01-10,269043.59375
2019-01-11,245799.71875
2019-01-12,246638.953125
2019-01-13,244758.890625
2019-01-14,237938.578125
2019-01-15,248258.796875
2019-01-16,243486.921875
2019-01-17,242305.296875
2019-01-18,244151.265625
2019-01-19,241689.15625
2019-01-20,246524.3125
2019-01-21,238488.328125
2019-01-22,237385.75
2019-01-23,239809.5625
2019-01-24,236825.78125
2019-01-25,237215.859375
2019-01-26,237530.8125
2019-01-27,237858.890625
2019-01-28,235777.734375
2019-01-29,229794.609375
2019-01-30,227289.625
2019-01-31,228117.953125
2019-02-01,226313.90625
2019-02-02,228086.1875
2019-02-03,230148.921875
2019-02-04,227056.59375
2019-02-05,226562.890625
2019-02-06,227718.125
2019-02-07,224747.78125
2019-02-08,224248.328125
2019-02-09,240335.78125
2019-02-10,240441.53125
2019-02-11,241823.546875
2019-02-12,239712.375
2019-02-13,240645.0
2019-02-14,241650.375
2019-02-15,241126.171875
2019-02-16,239646.5
2019-02-17,240845.59375
2019-02-18,243192.65625
2019-02-19,259099.859375
2019-02-20,259720.28125
2019-02-21,262677.65625
2019-02-22,259613.015625
2019-02-23,261424.359375
2019-02-24,271004.34375
2019-02-25,249124.53125
2019-02-26,254498.015625
2019-02-27,253371.234375
2019-02-28,253064.796875
2019-03-01,253810.75
2019-03-02,254173.421875
2019-03-03,254631.484375
2019-03-04,253236.578125
2019-03-05,246998.8125
2019-03-06,256523.015625
2019-03-07,257463.75
2019-03-08,259402.265625
2019-03-09,258355.265625
2019-03-10,263106.46875
2019-03-11,262467.84375
2019-03-12,257125.328125
2019-03-13,256638.78125
2019-03-14,255293.515625
2019-03-15,257110.84375
2019-03-16,256864.6875
2019-03-17,262296.28125
2019-03-18,261266.078125
2019-03-19,259566.640625
2019-03-20,262017.46875
2019-03-21,260716.75
2019-03-22,257136.0625
2019-03-23,260066.40625
2019-03-24,260871.3125
2019-03-25,259701.34375
2019-03-26,254247.359375
2019-03-27,256353.875
2019-03-28,265077.0
2019-03-29,264210.4375
2019-03-30,268357.78125
2019-03-31,269231.3125
2019-04-01,269464.5
2019-04-02,271222.78125
2019-04-03,318913.0625
2019-04-04,324217.75
2019-04-05,322088.875
2019-04-06,328557.0625
2019-04-07,330253.125
2019-04-08,340060.90625
2019-04-09,343362.75
2019-04-10,337733.4375
2019-04-11,342284.53125
2019-04-12,326971.8125
2019-04-13,327358.09375
2019-04-14,327802.5
2019-04-15,332685.625
2019-04-16,326002.34375
2019-04-17,335384.9375
2019-04-18,335513.9375
2019-04-19,338716.84375
2019-04-20,339530.46875
2019-04-21,341560.8125
2019-04-22,340106.4375
2019-04-23,344585.375
2019-04-24,354931.25
2019-04-25,352164.96875
2019-04-26,336817.03125
2019-04-27,342107.09375
2019-04-28,341606.53125
2019-04-29,341753.3125
2019-04-30,338304.09375
2019-05-01,345635.375
2019-05-02,349843.625
2019-05-03,360066.96875
2019-05-04,375349.5
2019-05-05,379374.5625
2019-05-06,378556.0625
2019-05-07,375269.21875
2019-05-08,382566.625
2019-05-09,389206.5
2019-05-10,402892.15625
2019-05-11,415429.25
2019-05-12,469075.84375
2019-05-13,454373.03125
2019-05-14,510044.59375
2019-05-15,518460.0625
2019-05-16,530015.375
2019-05-17,509987.5625
2019-05-18,475409.46875
2019-05-19,470636.9375
2019-05-20,530495.875
2019-05-21,514547.90625
2019-05-22,512038.3125
2019-05-23,494267.1875
2019-05-24,511223.3125
2019-05-25,515077.0
2019-05-26,519158.03125
2019-05-27,559225.25
2019-05-28,566685.5
2019-05-29,563832.1875
2019-05-30,562629.0
2019-05-31,542568.4375
2019-06-01,561377.3125
2019-06-02,560829.5
2019-06-03,573372.9375
2019-06-04,536490.1875
2019-06-05,502036.5625
2019-06-06,510712.0
2019-06-07,509283.15625
2019-06-08,520672.09375
2019-06-09,515029.21875
2019-06-10,498962.34375
2019-06-11,518121.875
2019-06-12,511894.28125
2019-06-13,527924.1875
2019-06-14,531326.75
2019-06-15,559467.625
2019-06-16,569234.0625
2019-06-17,578555.875
2019-06-18,600585.125
2019-06-19,581010.4375
2019-06-20,591315.25
2019-06-21,599140.5
2019-06-22,641388.5
2019-06-23,674212.4375
2019-06-24,684989.5625
2019-06-25,688667.8125
2019-06-26,740884.5625
2019-06-27,820607.375
2019-06-28,704246.8125
2019-06-29,784389.25
2019-06-30,754737.8125
2019-07-01,680155.875
2019-07-02,666466.5625
2019-07-03,684895.3125
2019-07-04,758070.625
2019-07-05,711023.9375
2019-07-06,700534.75
2019-07-07,715529.0625
2019-07-08,729817.875
2019-07-09,782378.9375
2019-07-10,802671.25
2019-07-11,766635.0625
2019-07-12,713434.9375
2019-07-13,744829.5
2019-07-14,717584.75
2019-07-15,647733.25
2019-07-16,682982.625
2019-07-17,596675.125
2019-07-18,610296.6875
2019-07-19,670017.75
2019-07-20,663395.0
2019-07-21,679259.1875
2019-07-22,667725.375
2019-07-23,652218.625
2019-07-24,624904.5625
2019-07-25,620720.625
2019-07-26,626580.0
2019-07-27,625338.3125
2019-07-28,601294.5625
2019-07-29,603555.6875
2019-07-30,604184.125
2019-07-31,610103.125
2019-08-01,640922.3125
2019-08-02,669214.4375
2019-08-03,686631.1875
2019-08-04,706366.9375
2019-08-05,715311.875
2019-08-06,776689.375
2019-08-07,749269.1875
2019-08-08,781402.125
2019-08-09,778316.6875
2019-08-10,774085.1875
2019-08-11,740684.0
2019-08-12,752949.875
2019-08-13,745136.875
2019-08-14,706896.5625
2019-08-15,663353.9375
2019-08-16,681983.6875
2019-08-17,689433.0625
2019-08-18,681065.9375
2019-08-19,687164.625
2019-08-20,731069.9375
2019-08-21,715353.25
2019-08-22,667390.0625
2019-08-23,664582.0625
2019-08-24,687164.6875
2019-08-25,670862.6875
2019-08-26,671216.6875
2019-08-27,685936.3125
2019-08-28,677979.9375
2019-08-29,651559.125
2019-08-30,632974.125
2019-08-31,640275.875
2019-09-01,642480.9375
2019-09-02,651535.75
2019-09-03,691009.625
2019-09-04,709289.875
2019-09-05,701222.625
2019-09-06,700367.6875
2019-09-07,681159.25
2019-09-08,691960.4375
2019-09-09,687104.9375
2019-09-10,677548.5
2019-09-11,661633.4375
2019-09-12,666097.25
2019-09-13,674536.375
2019-09-14,665726.75
2019-09-15,666438.5625
2019-09-16,661550.6875
2019-09-17,658050.75
2019-09-18,659136.1875
2019-09-19,655331.875
2019-09-20,657167.5625
2019-09-21,651894.0
2019-09-22,641681.6875
2019-09-23,644223.75
2019-09-24,620768.625
2019-09-25,550921.4375
2019-09-26,544776.8125
2019-09-27,521267.5625
2019-09-28,533535.625
2019-09-29,533197.0
2019-09-30,523995.78125
2019-10-01,538282.5625
2019-10-02,544548.3125
2019-10-03,547510.625
2019-10-04,537787.25
2019-10-05,530874.0
2019-10-06,526976.75
2019-10-07,516889.6875
2019-10-08,535872.875
2019-10-09,536506.5625
2019-10-10,558492.1875
2019-10-11,553131.3125
2019-10-12,533898.9375
2019-10-13,535262.5
2019-10-14,534818.1875
2019-10-15,538307.875
2019-10-16,527668.875
2019-10-17,516007.25
2019-10-18,519269.03125
2019-10-19,508728.6875
2019-10-20,510260.09375
2019-10-21,525794.625
2019-10-22,525600.125
2019-10-23,514169.0625
2019-10-24,480160.0
2019-10-25,479927.09375
2019-10-26,554296.75
2019-10-27,591012.6875
2019-10-28,610759.5
2019-10-29,589284.75
2019-10-30,602819.0625
2019-10-31,586986.125
2019-11-01,589573.0
2019-11-02,588147.125
2019-11-03,592488.5625
2019-11-04,585873.6875
2019-11-05,597578.0
2019-11-06,592939.375
2019-11-07,597154.0625
2019-11-08,588805.8125
2019-11-09,561860.0
2019-11-10,562052.625
2019-11-11,577979.875
2019-11-12,559487.125
2019-11-13,566305.3125
2019-11-14,566884.1875
2019-11-15,556537.625
2019-11-16,541294.875
2019-11-17,545011.6875
2019-11-18,546493.0625
2019-11-19,530556.0625
2019-11-20,523985.28125
2019-11-21,512091.46875
2019-11-22,486933.59375
2019-11-23,465865.21875
2019-11-24,472407.96875
2019-11-25,449385.65625
2019-11-26,456814.3125
2019-11-27,461960.1875
2019-11-28,482304.46875
2019-11-29,478550.75
2019-11-30,499778.4375
2019-12-01,487390.84375
2019-12-02,477470.5
2019-12-03,470247.5625
2019-12-04,469429.375
2019-12-05,463431.375
2019-12-06,474649.21875
2019-12-07,480554.78125
2019-12-08,480814.15625
2019-12-09,481405.84375
2019-12-10,470082.6875
2019-12-11,462249.0625
2019-12-12,457101.03125
2019-12-13,454311.3125
2019-12-14,456800.375
2019-12-15,447709.28125
2019-12-16,449808.21875
2019-12-17,433342.65625
2019-12-18,415107.5625
2019-12-19,455925.0625
2019-12-20,449508.25
2019-12-21,450302.09375
2019-12-22,448468.3125
2019-12-23,467719.5625
2019-12-24,458378.71875
2019-12-25,453867.21875
2019-12-26,449922.34375
2019-12-27,450292.0
2019-12-28,452403.90625
2019-12-29,454180.03125
2019-12-30,460505.5
2019-12-31,452304.09375
2020-01-01,446408.34375
2020-01-02,445585.8125
2020-01-03,431143.1875
2020-01-04,455816.53125
2020-01-05,459854.84375
2020-01-06,459882.03125
2020-01-07,480183.0
2020-01-08,505761.6875
2020-01-09,495418.875
2020-01-10,482949.71875
2020-01-11,498224.21875
2020-01-12,490354.3125
2020-01-13,499704.125
2020-01-14,498068.75
2020-01-15,542207.9375
2020-01-16,540881.0625
2020-01-17,538095.0
2020-01-18,549885.9375
2020-01-19,550762.6875
2020-01-20,535883.4375
2020-01-21,533425.0
2020-01-22,541220.3125
2020-01-23,537668.125
2020-01-24,520538.3125
2020-01-25,523899.3125
2020-01-26,519199.84375
2020-01-27,533582.125
2020-01-28,560856.25
2020-01-29,582486.625
2020-01-30,582674.0
2020-01-31,601220.125
2020-02-01,597933.25
2020-02-02,600713.75
2020-02-03,597615.4375
2020-02-04,591836.9375
2020-02-05,578207.125
2020-02-06,604700.3125
2020-02-07,615704.625
2020-02-08,628132.4375
2020-02-09,632675.125
2020-02-10,648630.6875
2020-02-11,631893.75
2020-02-12,646416.125
2020-02-13,652860.4375
2020-02-14,650164.3125
2020-02-15,655243.4375
2020-02-16,628263.5625
2020-02-17,631244.8125
2020-02-18,615398.0
2020-02-19,648195.8125
2020-02-20,611997.5625
2020-02-21,616703.4375
2020-02-22,620733.0
2020-02-23,619170.375
2020-02-24,635923.9375
2020-02-25,630187.0
2020-02-26,609914.5625
2020-02-27,577749.75
2020-02-28,583000.3125
2020-02-29,578659.5625
2020-03-01,573891.1875
2020-03-02,575010.375
2020-03-03,587692.75
2020-03-04,581929.8125
2020-03-05,580167.375
2020-03-06,613459.4375
2020-03-07,625226.4375
2020-03-08,610746.625
2020-03-09,585488.125
2020-03-10,591587.125
2020-03-11,562290.3125
2020-03-12,578881.0625
2020-03-13,376001.625
2020-03-14,404734.1875
2020-03-15,377717.59375
2020-03-16,393371.6875
2020-03-17,372148.28125
2020-03-18,393771.53125
2020-03-19,424642.6875
2020-03-20,489652.40625
2020-03-21,496381.46875
2020-03-22,494704.84375
2020-03-23,465080.78125
2020-03-24,511570.1875
2020-03-25,527629.375
2020-03-26,523089.75
2020-03-27,519875.4375
2020-03-28,509441.78125
2020-03-29,491983.46875
2020-03-30,467409.71875
2020-03-31,511983.65625
2020-04-01,505482.5625
2020-04-02,519961.21875
2020-04-03,524313.8125
2020-04-04,514846.15625
2020-04-05,524332.1875
2020-04-06,523579.25
2020-04-07,552785.3125
2020-04-08,541220.0625
2020-04-09,550958.0
2020-04-10,542664.6875
2020-04-11,506751.875
2020-04-12,506060.28125
2020-04-13,513354.09375
2020-04-14,503924.90625
2020-04-15,500062.8125
2020-04-16,497598.71875
2020-04-17,525788.9375
2020-04-18,524771.9375
2020-04-19,537249.25
2020-04-20,532548.0625
2020-04-21,519425.09375
2020-04-22,529408.0
2020-04-23,540970.75
2020-04-24,555826.75
2020-04-25,563195.0625
2020-04-26,564661.1875
2020-04-27,572972.9375
2020-04-28,580347.6875
2020-04-29,578061.0
2020-04-30,643117.625
2020-05-01,644896.8125
2020-05-02,668571.75
2020-05-03,677207.3125
2020-05-04,671295.125
2020-05-05,666322.4375
2020-05-06,664151.0625
2020-05-07,691444.3125
2020-05-08,734517.875
2020-05-09,722322.5
2020-05-10,703991.8125
2020-05-11,642926.0
2020-05-12,634750.25
2020-05-13,648528.0
2020-05-14,685897.5
2020-05-15,716068.0625
2020-05-16,686977.8125
2020-05-17,690046.4375
2020-05-18,712442.6875
2020-05-19,707165.75
2020-05-20,705358.6875
2020-05-21,678463.8125
2020-05-22,645139.3125
2020-05-23,657942.5625
2020-05-24,659892.4375
2020-05-25,629167.875
2020-05-26,638405.6875
2020-05-27,625647.6875
2020-05-28,652657.375
2020-05-29,672129.25
2020-05-30,662147.6875
2020-05-31,680470.5
2020-06-01,665994.375
2020-06-02,702376.3125
2020-06-03,654793.9375
2020-06-04,661739.875
2020-06-05,677143.9375
2020-06-06,664026.5
2020-06-07,661134.1875
2020-06-08,665375.75
2020-06-09,665887.0625
2020-06-10,672085.1875
2020-06-11,675554.5625
2020-06-12,653380.4375
2020-06-13,661202.625
2020-06-14,660980.75
2020-06-15,652718.0625
2020-06-16,657983.875
2020-06-17,663760.125
2020-06-18,660046.5
2020-06-19,657832.625
2020-06-20,645020.25
2020-06-21,647794.875
2020-06-22,648107.3125
2020-06-23,665338.1875
2020-06-24,662300.8125
2020-06-25,647039.125
2020-06-26,639873.625
2020-06-27,639726.1875
2020-06-28,631397.0625
2020-06-29,637602.9375
2020-06-30,644376.1875
2020-07-01,651062.4375
2020-07-02,652147.0
2020-07-03,643274.125
2020-07-04,649085.75
2020-07-05,652076.5
2020-07-06,647493.9375
2020-07-07,671484.8125
2020-07-08,661082.0
2020-07-09,671640.875
2020-07-10,656360.8125
2020-07-11,656221.625
2020-07-12,653642.9375
2020-07-13,656199.875
2020-07-14,654161.1875
2020-07-15,656110.9375
2020-07-16,652989.0625
2020-07-17,653686.1875
2020-07-18,657756.9375
2020-07-19,658247.25
2020-07-20,660196.4375
2020-07-21,653527.3125
2020-07-22,663118.1875
2020-07-23,677998.125
2020-07-24,683899.625
2020-07-25,683695.875
2020-07-26,693783.375
2020-07-27,710649.875
2020-07-28,788576.0625
2020-07-29,791303.6875
2020-07-30,804857.75
2020-07-31,815007.3125
2020-08-01,842286.0
2020-08-02,874734.5
2020-08-03,821545.9375
2020-08-04,821779.1875
2020-08-05,822628.375
2020-08-06,855971.0625
2020-08-07,862183.25
2020-08-08,855406.4375
2020-08-09,865193.4375
2020-08-10,860091.4375
2020-08-11,874015.1875
2020-08-12,833674.875
2020-08-13,855376.125
2020-08-14,858808.4375
2020-08-15,857274.25
2020-08-16,864412.125
2020-08-17,868415.125
2020-08-18,902538.375
2020-08-19,876305.875
2020-08-20,861932.125
2020-08-21,877681.625
2020-08-22,866835.875
2020-08-23,873885.375
2020-08-24,872035.75
2020-08-25,878725.375
2020-08-26,856446.625
2020-08-27,868567.0
2020-08-28,849613.5
2020-08-29,855021.3125
2020-08-30,852625.375
2020-08-31,868719.6875
2020-09-01,862493.0
2020-09-02,880546.375
2020-09-03,861217.8125
2020-09-04,770654.4375
2020-09-05,792168.5625
2020-09-06,766147.5625
2020-09-07,774696.8125
2020-09-08,785506.125
2020-09-09,772952.0
2020-09-10,771847.6875
2020-09-11,779528.0
2020-09-12,779646.625
2020-09-13,782832.4375
2020-09-14,773622.1875
2020-09-15,803408.125
2020-09-16,812378.25
2020-09-17,821842.8125
2020-09-18,821341.625
2020-09-19,827685.0625
2020-09-20,839957.3125
2020-09-21,826499.9375
2020-09-22,798353.875
2020-09-23,801265.3125
2020-09-24,787471.6875
2020-09-25,829267.25
2020-09-26,835827.125
2020-09-27,839837.4375
2020-09-28,842071.6875
2020-09-29,848177.5
2020-09-30,856662.5625
2020-10-01,838797.75
2020-10-02,820375.875
2020-10-03,826894.625
2020-10-04,824966.375
2020-10-05,834637.625
2020-10-06,843670.9375
2020-10-07,831505.5625
2020-10-08,833363.25
2020-10-09,844897.0625
2020-10-10,848968.375
2020-10-11,867157.25
2020-10-12,875781.5625
2020-10-13,889657.9375
2020-10-14,880687.0
2020-10-15,888422.9375
2020-10-16,896711.0
2020-10-17,880901.875
2020-10-18,883536.3125
2020-10-19,895322.5625
2020-10-20,911760.1875
2020-10-21,921084.625
2020-10-22,982068.5
2020-10-23,993274.25
2020-10-24,985609.625
2020-10-25,999061.1875
2020-10-26,992933.75
2020-10-27,1000053.375
2020-10-28,1055765.75
2020-10-29,1049587.25
2020-10-30,1059889.375
2020-10-31,1075215.375
2020-11-01,1093825.125
2020-11-02,1091604.375
2020-11-03,1091921.125
2020-11-04,1103273.0
2020-11-05,1096759.375
2020-11-06,1198427.0
2020-11-07,1205292.625
2020-11-08,1148602.75
2020-11-09,1197983.25
2020-11-10,1169838.375
2020-11-11,1169714.75
2020-11-12,1210295.375
2020-11-13,1255068.125
2020-11-14,1261366.625
2020-11-15,1242067.25
2020-11-16,1235727.0
2020-11-17,1273306.75
2020-11-18,1345348.75
2020-11-19,1351428.875
2020-11-20,1357665.375
2020-11-21,1419203.125
2020-11-22,1420797.25
2020-11-23,1399760.375
2020-11-24,1396229.625
2020-11-25,1441483.125
2020-11-26,1413747.125
2020-11-27,1298293.875
2020-11-28,1301931.5
2020-11-29,1348088.5
2020-11-30,1382365.5
2020-12-01,1500803.5
2020-12-02,1428810.25
2020-12-03,1443238.875
2020-12-04,1449263.75
2020-12-05,1385961.75
2020-12-06,1419746.125
2020-12-07,1430992.5
2020-12-08,1415976.0
2020-12-09,1344305.875
2020-12-10,1366372.625
2020-12-11,1335319.75
2020-12-12,1320454.0
2020-12-13,1375715.0
2020-12-14,1398652.375
2020-12-15,1420961.375
2020-12-16,1424079.0
2020-12-17,1563668.625
2020-12-18,1667744.75
2020-12-19,1698611.625
2020-12-20,1752133.625
2020-12-21,1723937.25
2020-12-22,1706779.75
2020-12-23,1805294.375
2020-12-24,1744293.5
2020-12-25,1757826.875
2020-12-26,1827579.75
2020-12-27,1958100.0
2020-12-28,1944771.125
2020-12-29,2003119.625
2020-12-30,2026189.75
2020-12-31,2145152.75
2021-01-01,2143996.75
2021-01-02,2172242.0
2021-01-03,2375809.0
2021-01-04,2431581.0
2021-01-05,2382622.25
2021-01-06,2525476.75
2021-01-07,2730366.25
2021-01-08,2939077.0
2021-01-09,3021769.25
2021-01-10,2982177.25
2021-01-11,2845081.5
2021-01-12,2651761.5
2021-01-13,2491920.25
2021-01-14,2757724.5
2021-01-15,2871428.0
2021-01-16,2706479.5
2021-01-17,2658115.0
2021-01-18,2634290.75
2021-01-19,2710253.75
2021-01-20,2660714.5
2021-01-21,2612468.25
2021-01-22,2280082.0
2021-01-23,2482663.0
2021-01-24,2413315.75
2021-01-25,2430522.75
2021-01-26,2437163.5
2021-01-27,2445698.75
2021-01-28,2309982.0
2021-01-29,2615378.0
2021-01-30,2604947.75
2021-01-31,2603044.5
2021-02-01,2512138.0
2021-02-02,2554867.75
2021-02-03,2706919.0
2021-02-04,2845106.25
2021-02-05,2789277.25
2021-02-06,2847007.75
2021-02-07,2930003.25
2021-02-08,2902298.75
2021-02-09,3434214.25
2021-02-10,3434659.0
2021-02-11,3318100.0
2021-02-12,3527307.0
2021-02-13,3497812.5
2021-02-14,3470068.5
2021-02-15,3584469.25
2021-02-16,3517541.0
2021-02-17,3620479.5
2021-02-18,3845438.5
2021-02-19,3817036.0
2021-02-20,4137619.0
2021-02-21,4151036.5
2021-02-22,4260585.5
2021-02-23,4025773.0
2021-02-24,3618968.0
2021-02-25,3654810.5
2021-02-26,3526324.5
2021-02-27,3456462.75
2021-02-28,3445219.0
2021-03-01,3365542.5
2021-03-02,3685594.25
2021-03-03,3573900.5
2021-03-04,3741181.75
2021-03-05,3619893.25
2021-03-06,3635418.25
2021-03-07,3636864.25
2021-03-08,3804056.25
2021-03-09,3894775.25
2021-03-10,4061022.75
2021-03-11,4116567.5
2021-03-12,4240209.0
2021-03-13,4200975.5
2021-03-14,4485060.5
2021-03-15,4345888.5
2021-03-16,4063550.75
2021-03-17,4142625.75
2021-03-18,4339819.0
2021-03-19,4301192.0
2021-03-20,4331252.0
2021-03-21,4329592.5
2021-03-22,4271660.0
2021-03-23,4081742.5
2021-03-24,4178891.0
2021-03-25,4041563.0
2021-03-26,3935769.75
2021-03-27,4191216.0
2021-03-28,4254868.0
2021-03-29,4235379.0
2021-03-30,4371084.5
2021-03-31,4475106.5
2021-04-01,4461324.5
2021-04-02,4509203.0
2021-04-03,4540088.5
2021-04-04,4403072.0
2021-04-05,4492280.5
2021-04-06,4524824.5
2021-04-07,4488606.0
2021-04-08,4330520.5
2021-04-09,4481055.0
2021-04-10,4510322.0
2021-04-11,4632696.5
2021-04-12,4658942.0
2021-04-13,4630935.5
2021-04-14,4824851.5
2021-04-15,4796799.5
2021-04-16,4814288.5
2021-04-17,4652209.5
2021-04-18,4589603.0
2021-04-19,4269998.5
2021-04-20,4248827.0
2021-04-21,4340258.0
2021-04-22,4125944.5
2021-04-23,3908451.0
2021-04-24,3829200.75
2021-04-25,3747560.5
2021-04-26,3678046.75
2021-04-27,4052824.0
2021-04-28,4117527.5
2021-04-29,4081354.25
2021-04-30,4005079.0
2021-05-01,4345418.0
2021-05-02,4353790.0
2021-05-03,4259684.5
2021-05-04,4284964.5
2021-05-05,3982234.25
2021-05-06,4298832.5
2021-05-07,4187252.25
2021-05-08,4227996.5
2021-05-09,4340390.5
2021-05-10,4287596.0
2021-05-11,4150092.25
2021-05-12,4208354.5
2021-05-13,3712232.75
2021-05-14,3678155.25
2021-05-15,3689730.5
2021-05-16,3457428.25
2021-05-17,3434832.25
2021-05-18,3210184.0
2021-05-19,3165319.5
2021-05-20,2711197.0
2021-05-21,2984038.0
2021-05-22,2751352.5
2021-05-23,2763162.75
2021-05-24,2555612.5
2021-05-25,2850477.25
2021-05-26,2822042.0
2021-05-27,2892700.75
2021-05-28,2829315.75
2021-05-29,2612112.5
2021-05-30,2533293.25
2021-05-31,2611268.0
2021-06-01,2738610.0
2021-06-02,2699294.0
2021-06-03,2751528.5
2021-06-04,2874492.5
2021-06-05,2687228.25
2021-06-06,2589478.0
2021-06-07,2614286.5
2021-06-08,2446240.75
2021-06-09,2415315.75
2021-06-10,2704645.5
2021-06-11,2633911.0
2021-06-12,2686586.0
2021-06-13,2558203.5
2021-06-14,2813057.25
2021-06-15,2911924.5
2021-06-16,2901963.0
2021-06-17,2783602.75
2021-06-18,2759324.25
2021-06-19,2610195.5
2021-06-20,2588982.25
2021-06-21,2595851.5
2021-06-22,2312354.75
2021-06-23,2370298.0
2021-06-24,2447587.75
2021-06-25,2506962.25
2021-06-26,2281482.25
2021-06-27,2331514.25
2021-06-28,2505393.25
2021-06-29,2490135.25
2021-06-30,2612601.0
2021-07-01,2560762.5
2021-07-02,2465976.0
2021-07-03,2478008.25
2021-07-04,2537380.75
2021-07-05,2584574.75
2021-07-06,2477474.0
2021-07-07,2550970.0
2021-07-08,2532712.5
2021-07-09,2456301.5
2021-07-10,2516100.75
2021-07-11,2493614.75
2021-07-12,2544631.5
2021-07-13,2464597.75
2021-07-14,2433659.25
2021-07-15,2434603.75
2021-07-16,2369129.25
2021-07-17,2325762.0
2021-07-18,2335878.75
2021-07-19,2356190.25
2021-07-20,2303462.75
2021-07-21,2216316.25
2021-07-22,2377572.75
2021-07-23,2380629.25
2021-07-24,2481508.25
2021-07-25,2532962.0
2021-07-26,2608227.5
2021-07-27,2747810.5
2021-07-28,2913127.0
2021-07-29,2938613.75
2021-07-30,2929511.5
2021-07-31,3086634.25
2021-08-01,3032835.75
2021-08-02,2918051.0
2021-08-03,2859651.25
2021-08-04,2788598.75
2021-08-05,2909835.0
2021-08-06,2989579.25
2021-08-07,3129574.0
2021-08-08,3256827.0
2021-08-09,3220384.0
2021-08-10,3408806.5
2021-08-11,3372098.0
2021-08-12,3347006.5
2021-08-13,3269610.5
2021-08-14,3505212.0
2021-08-15,3452864.0
2021-08-16,3443840.75
2021-08-17,3367707.25
2021-08-18,3290316.75
2021-08-19,3305463.25
2021-08-20,3471999.75
2021-08-21,3663960.75
2021-08-22,3629943.25
2021-08-23,3658926.25
2021-08-24,3673338.0
2021-08-25,3522104.5
2021-08-26,3617816.0
2021-08-27,3484382.75
2021-08-28,3594498.25
2021-08-29,3582680.5
2021-08-30,3586246.0
2021-08-31,3454008.5
2021-09-01,3452771.5
2021-09-02,3563768.5
2021-09-03,3600580.5
2021-09-04,3642119.25
2021-09-05,3636914.25
2021-09-06,3769182.25
2021-09-07,3844383.5
2021-09-08,3437073.5
2021-09-09,3354405.25
2021-09-10,3380989.75
2021-09-11,3283866.5
2021-09-12,3308515.0
2021-09-13,3368214.75
2021-09-14,3267651.5
2021-09-15,3434136.5
2021-09-16,3480757.25
2021-09-17,3463717.75
2021-09-18,3445280.5
2021-09-19,3517819.75
2021-09-20,3442686.25
2021-09-21,3156883.0
2021-09-22,2970975.5
2021-09-23,3177762.75
2021-09-24,3264175.0
2021-09-25,3112793.5
2021-09-26,3104128.0
2021-09-27,3144504.5
2021-09-28,3064612.25
2021-09-29,2992577.75
2021-09-30,3028294.0
2021-10-01,3187672.25
2021-10-02,3498275.0
2021-10-03,3465031.75
2021-10-04,3507043.75
2021-10-05,3565917.25
2021-10-06,3723819.5
2021-10-07,4008093.5
2021-10-08,3863989.5
2021-10-09,3872864.75
2021-10-10,3946332.5
2021-10-11,3929269.75
2021-10-12,4134160.25
2021-10-13,4028130.75
2021-10-14,4131073.5
2021-10-15,4094640.75
2021-10-16,4373395.5
2021-10-17,4322152.5
2021-10-18,4374058.0
2021-10-19,4418962.5
2021-10-20,4555437.0
2021-10-21,4676529.0
2021-10-22,4428325.5
2021-10-23,4266553.0
2021-10-24,4313912.0
2021-10-25,4281698.5
2021-10-26,4402265.0
2021-10-27,4193788.0
2021-10-28,4130553.5
2021-10-29,4254496.0
2021-10-30,4415254.0
2021-10-31,4387667.5
2021-11-01,4347718.5
2021-11-02,4365877.5
2021-11-03,4531515.0
2021-11-04,4514853.5
2021-11-05,4390769.5
2021-11-06,4344965.0
2021-11-07,4379546.5
2021-11-08,4510636.5
2021-11-09,4813243.0
2021-11-10,4736246.0
2021-11-11,4631312.0
2021-11-12,4644196.0
2021-11-13,4677095.0
2021-11-14,4698764.5
2021-11-15,4775746.0
2021-11-16,4620978.0
2021-11-17,4398161.0
2021-11-18,4381765.5
2021-11-19,4159732.75
2021-11-20,4272533.5
2021-11-21,4391297.5
2021-11-22,4314016.0
2021-11-23,4223145.5
2021-11-24,4277517.0
2021-11-25,4285577.0
2021-11-26,4396273.5
2021-11-27,4060056.0
2021-11-28,4141398.0
2021-11-29,4330195.0
2021-11-30,4306851.5
2021-12-01,4217677.0
2021-12-02,4250163.5
2021-12-03,4162154.25
2021-12-04,3974412.25
2021-12-05,3639584.0
2021-12-06,3652688.25
2021-12-07,3762438.5
2021-12-08,3750687.75
2021-12-09,3711158.5
2021-12-10,3510768.5
2021-12-11,3471823.75
2021-12-12,3625360.75
2021-12-13,3679657.75
2021-12-14,3433055.25
2021-12-15,3571799.75
2021-12-16,3600849.25
2021-12-17,3516616.5
2021-12-18,3428262.5
2021-12-19,3475334.0
2021-12-20,3461803.25
2021-12-21,3474188.0
2021-12-22,3616676.5
2021-12-23,3581150.25
2021-12-24,3725800.75
2021-12-25,3746100.5
2021-12-26,3714703.5
2021-12-27,3742048.25
2021-12-28,3719597.5
2021-12-29,3509998.25
2021-12-30,3440769.75
2021-12-31,3517255.0
2022-01-01,3463729.5
2022-01-02,3566132.75
2022-01-03,3550449.25
2022-01-04,3456854.5
2022-01-05,3456157.5
2022-01-06,3341326.75
2022-01-07,3295608.0
2022-01-08,3135812.5
2022-01-09,3148885.25
2022-01-10,3166041.5
2022-01-11,3131904.75
2022-01-12,3183809.25
2022-01-13,3278409.25
2022-01-14,3251678.5
2022-01-15,3285877.75
2022-01-16,3291224.75
2022-01-17,3289354.75
2022-01-18,3219117.5
2022-01-19,3256169.5
2022-01-20,3187336.0
2022-01-21,3124730.25
2022-01-22,2829841.5
2022-01-23,2719335.25
2022-01-24,2812926.0
2022-01-25,2884311.75
2022-01-26,2910618.0
2022-01-27,2919151.75
2022-01-28,2900010.0
2022-01-29,2954236.5
2022-01-30,2983262.5
2022-01-31,2952424.5
2022-02-01,2976287.5
2022-02-02,2972673.5
2022-02-03,2815489.75
2022-02-04,2839931.25
2022-02-05,3143409.25
2022-02-06,3138837.5
2022-02-07,3215105.25
2022-02-08,3308930.0
2022-02-09,3310361.75
2022-02-10,3314785.0
2022-02-11,3270584.0
2022-02-12,3256984.75
2022-02-13,3243489.5
2022-02-14,3256414.25
2022-02-15,3258737.5
2022-02-16,3366016.5
2022-02-17,3298334.0
2022-02-18,3088596.5
2022-02-19,3099415.0
2022-02-20,3106545.0
2022-02-21,2973560.75
2022-02-22,2981015.0
2022-02-23,3018584.0
2022-02-24,3027086.5
2022-02-25,3256451.75
2022-02-26,3288523.0
2022-02-27,3278930.25
2022-02-28,3152786.5
2022-03-01,4535790.0
2022-03-02,4813444.5
2022-03-03,4513314.0
2022-03-04,4649166.5
2022-03-05,4087098.25
2022-03-06,4113798.25
2022-03-07,4306533.5
2022-03-08,5429882.0
2022-03-09,5036566.0
2022-03-10,5823902.0
2022-03-11,5265236.0
2022-03-12,5198458.0
2022-03-13,5210553.0
2022-03-14,5023467.5
2022-03-15,4759710.0
2022-03-16,4260534.0
2022-03-17,4155229.75
2022-03-18,4222437.0
2022-03-19,4492928.5
2022-03-20,4535580.0
2022-03-21,5245683.5
2022-03-22,4380553.5
2022-03-23,4490623.5
2022-03-24,4149283.5
2022-03-25,4495375.5
2022-03-26,4523685.5
2022-03-27,4539546.5
2022-03-28,4723154.0
2022-03-29,4615847.0
2022-03-30,4152479.0
2022-03-31,3929689.25
2022-04-01,3724052.5
2022-04-02,3968981.25
2022-04-03,3932420.25
2022-04-04,3913013.75
2022-04-05,3904802.5
2022-04-06,3825726.5
2022-04-07,3548415.75
2022-04-08,3447782.0
2022-04-09,3418509.75
2022-04-10,3458854.75
2022-04-11,3592363.75
2022-04-12,3301065.0
2022-04-13,3425550.25
2022-04-14,3392630.75
2022-04-15,3299993.5
2022-04-16,3274599.75
2022-04-17,3263735.5
2022-04-18,3207487.0
2022-04-19,3312185.5
2022-04-20,3361640.75
2022-04-21,3424010.0
2022-04-22,3277529.5
2022-04-23,3074783.5
2022-04-24,3054639.0
2022-04-25,3054192.75
2022-04-26,3039698.75
2022-04-27,2830432.0
2022-04-28,2898960.25
2022-04-29,2891974.0
2022-04-30,2754531.5
2022-05-01,2690844.75
2022-05-02,2821935.25
2022-05-03,2723937.5
2022-05-04,2538550.0
2022-05-05,2659615.25
2022-05-06,2370856.75
2022-05-07,2486932.5
2022-05-08,2449702.75
2022-05-09,2350140.75
2022-05-10,2115371.5
2022-05-11,2167255.75
2022-05-12,1931527.125
2022-05-13,1890638.125
2022-05-14,1896245.375
2022-05-15,1948883.5
2022-05-16,2081741.125
2022-05-17,1929858.25
2022-05-18,1977591.125
2022-05-19,1845282.875
2022-05-20,1883078.25
2022-05-21,1810391.375
2022-05-22,1824813.375
2022-05-23,1894337.0
2022-05-24,1704598.5
2022-05-25,1693932.5
2022-05-26,1784237.0
2022-05-27,1779200.875
2022-05-28,1910790.625
2022-05-29,1922567.5
2022-05-30,1957984.0
2022-05-31,2026358.75
2022-06-01,1994982.75
2022-06-02,1891975.25
2022-06-03,1934705.5
2022-06-04,1882181.125
2022-06-05,1890353.25
2022-06-06,1891825.5
2022-06-07,1925440.625
2022-06-08,1923603.75
2022-06-09,1842829.625
2022-06-10,1746399.125
2022-06-11,1676000.75
2022-06-12,1635020.75
2022-06-13,1540750.0
2022-06-14,1298681.25
2022-06-15,1295734.0
2022-06-16,1292493.5
2022-06-17,1169628.625
2022-06-18,1177219.875
2022-06-19,1093125.0
2022-06-20,1166403.875
2022-06-21,1127537.75
2022-06-22,1116258.5
2022-06-23,1099263.25
2022-06-24,1149113.375
2022-06-25,1150859.625
2022-06-26,1165107.875
2022-06-27,1122907.875
2022-06-28,1101363.25
2022-06-29,1090110.75
2022-06-30,1055688.5
2022-07-01,1087648.25
2022-07-02,1094812.625
2022-07-03,1092952.875
2022-07-04,1096089.375
2022-07-05,1152845.125
2022-07-06,1202086.75
2022-07-07,1232868.875
2022-07-08,1364763.625
2022-07-09,1411591.625
2022-07-10,1403418.125
2022-07-11,1353577.25
2022-07-12,1248152.75
2022-07-13,1129120.0
2022-07-14,1181865.375
2022-07-15,1198900.625
2022-07-16,1208376.0
2022-07-17,1229310.25
2022-07-18,1205348.75
2022-07-19,1297518.25
2022-07-20,1321715.25
2022-07-21,1277826.0
2022-07-22,1343497.625
2022-07-23,1319843.25
2022-07-24,1305807.625
2022-07-25,1314040.75
2022-07-26,1249625.625
2022-07-27,1277305.75
2022-07-28,1361685.0
2022-07-29,1490325.5
2022-07-30,1481352.0
2022-07-31,1472341.375
2022-08-01,1452710.75
2022-08-02,1468433.75
2022-08-03,1397837.875
2022-08-04,1414990.0
2022-08-05,1391550.375
2022-08-06,1409713.375
2022-08-07,1389866.125
2022-08-08,1402940.875
2022-08-09,1470358.25
2022-08-10,1400776.5
2022-08-11,1472823.375
2022-08-12,1452405.5
2022-08-13,1500734.625
2022-08-14,1502387.125
2022-08-15,1513815.25
2022-08-16,1483757.375
2022-08-17,1468701.0
2022-08-18,1412132.875
2022-08-19,1392798.875
2022-08-20,1241934.25
2022-08-21,1259043.5
2022-08-22,1281122.25
2022-08-23,1287251.5
2022-08-24,1296969.0
2022-08-25,1279983.375
2022-08-26,1303863.75
2022-08-27,1221827.5
2022-08-28,1208474.375
2022-08-29,1182793.75
2022-08-30,1253439.25
2022-08-31,1205299.5
2022-09-01,1205536.375
2022-09-02,1211790.75
2022-09-03,1203674.625
2022-09-04,1195402.125
2022-09-05,1203524.875
2022-09-06,1209079.375
2022-09-07,1154279.0
2022-09-08,1172830.375
2022-09-09,1188680.75
2022-09-10,1299397.75
2022-09-11,1317732.5
2022-09-12,1354538.5
2022-09-13,1356271.0
2022-09-14,1200981.125
2022-09-15,1208970.875
2022-09-16,1174851.25
2022-09-17,1196510.625
2022-09-18,1217697.75
2022-09-19,1249973.5
2022-09-20,1174201.375
2022-09-21,1159924.75
2022-09-22,1141734.25
2022-09-23,1162802.875
2022-09-24,1116813.5
2022-09-25,1095939.125
2022-09-26,1076523.375
2022-09-27,1117267.5
2022-09-28,1125262.125
2022-09-29,1135555.75
2022-09-30,1142596.875
2022-10-01,1169752.5
2022-10-02,1162573.375
2022-10-03,1147405.125
2022-10-04,1138658.625
2022-10-05,1200326.5
2022-10-06,1236373.625
2022-10-07,1207931.25
2022-10-08,1218715.625
2022-10-09,1210681.875
2022-10-10,1251765.875
2022-10-11,1221259.625
2022-10-12,1222417.75
2022-10-13,1220777.75
2022-10-14,1240480.375
2022-10-15,1201967.75
2022-10-16,1194667.5
2022-10-17,1207175.5
2022-10-18,1213106.5
2022-10-19,1204572.125
2022-10-20,1186712.75
2022-10-21,1174630.0
2022-10-22,1181977.25
2022-10-23,1184156.875
2022-10-24,1206353.0
2022-10-25,1199385.75
2022-10-26,1245720.625
2022-10-27,1272853.5
2022-10-28,1244158.875
2022-10-29,1267113.75
2022-10-30,1280826.375
2022-10-31,1268662.875
2022-11-01,1267096.875
2022-11-02,1264820.875
2022-11-03,1249076.625
2022-11-04,1260016.875
2022-11-05,1310979.625
2022-11-06,1319673.625
2022-11-07,1297326.625
2022-11-08,1271063.5
2022-11-09,1130705.875
2022-11-10,979196.75
2022-11-11,1068182.625
2022-11-12,1031582.75
2022-11-13,1017223.125
2022-11-14,990115.25
2022-11-15,1019898.125
2022-11-16,1025722.125
2022-11-17,1009186.0
2022-11-18,1007949.9375
2022-11-19,1015964.9375
2022-11-20,1016981.1875
2022-11-21,991320.9375
2022-11-22,957354.375
2022-11-23,982505.375
2022-11-24,1009505.8125
2022-11-25,1002196.0625
2022-11-26,1003684.25
2022-11-27,1000179.3125
2022-11-28,994633.5
2022-11-29,997791.875
2022-11-30,1000625.0625
2022-12-01,1047677.375
2022-12-02,1038737.9375
2022-12-03,1068131.0
2022-12-04,1056760.5
2022-12-05,1037154.4375
2022-12-06,1062225.5
2022-12-07,1083474.75
2022-12-08,1053800.875
2022-12-09,1090364.125
2022-12-10,1071145.875
2022-12-11,1070864.0
2022-12-12,1072190.0
2022-12-13,1088307.375
2022-12-14,1124093.375
2022-12-15,1153433.5
2022-12-16,1122618.125
2022-12-17,1079972.875
2022-12-18,1089615.125
2022-12-19,1087242.625
2022-12-20,1126260.75
2022-12-21,1187543.0
2022-12-22,1218071.25
2022-12-23,1148623.25
2022-12-24,1161092.875
2022-12-25,1183537.25
2022-12-26,1180220.625
2022-12-27,1156687.5
2022-12-28,1178549.625
2022-12-29,1204181.625
2022-12-30,1231458.25
2022-12-31,1223855.25
2023-01-01,1220408.625
2023-01-02,1225300.125
2023-01-03,1184866.875
2023-01-04,1218422.625
2023-01-05,1222876.875
2023-01-06,1214752.75
2023-01-07,1229028.375
2023-01-08,1229175.375
2023-01-09,1239360.875
2023-01-10,1202044.875
2023-01-11,1215575.25
2023-01-12,1252914.125
2023-01-13,1279028.75
2023-01-14,1373826.875
2023-01-15,1447446.25
2023-01-16,1378282.0
2023-01-17,1455884.25
2023-01-18,1455291.875
2023-01-19,1422258.375
2023-01-20,1463245.875
2023-01-21,1555081.875
2023-01-22,1561977.625
2023-01-23,1550757.125
2023-01-24,1581353.625
2023-01-25,1563829.875
2023-01-26,1599789.375
2023-01-27,1600466.75
2023-01-28,1609750.75
2023-01-29,1606367.0
2023-01-30,1681463.125
2023-01-31,1597258.5
2023-02-01,1633184.375
2023-02-02,1658798.875
2023-02-03,1644668.0
2023-02-04,1656454.625
2023-02-05,1648339.875
2023-02-06,1621668.875
2023-02-07,1626681.0
2023-02-08,1670003.125
2023-02-09,1680987.75
2023-02-10,1593660.25
2023-02-11,1597992.5
2023-02-12,1598750.125
2023-02-13,1592755.375
2023-02-14,1615504.125
2023-02-15,1635374.0
2023-02-16,1810954.0
2023-02-17,1764863.875
2023-02-18,1817831.625
2023-02-19,1823836.25
2023-02-20,1801378.5
2023-02-21,1862478.75
2023-02-22,1830518.25
2023-02-23,1812038.875
2023-02-24,1805646.875
2023-02-25,1763557.625
2023-02-26,1761623.25
2023-02-27,1791064.5
2023-02-28,1761935.5
2023-03-01,1737405.875
2023-03-02,1779793.0
2023-03-03,1773159.625
2023-03-04,1686164.25
2023-03-05,1685502.125
2023-03-06,1691735.75
2023-03-07,1691095.375
2023-03-08,1679247.375
2023-03-09,1651717.0
2023-03-10,1651717.0
2023-03-11,1545296.0
2023-03-12,1538316.375
2023-03-13,1571856.0
2023-03-14,1688491.125
2023-03-15,1815737.5
2023-03-16,1869957.125
2023-03-17,1854905.375
2023-03-18,1916994.875
2023-03-19,2112406.75
2023-03-20,2076174.25
2023-03-21,2158498.5
2023-03-22,2145108.5
2023-03-23,2168193.25
2023-03-24,2100150.5
2023-03-25,2152288.0
2023-03-26,2124221.5
2023-03-27,2124854.25
2023-03-28,2163381.75
2023-03-29,2076615.25
2023-03-30,2087827.875
